,Unnamed: 0,portrait_50,categories2,profile_type,title,skills,country,description,name,last_activity,rate,member_since,portfolio_items_count,id,test_passed_count,feedback,worked,jobs,earned,accolade,success,availability
50,153,https://odesk-prod-portraits.s3.amazonaws.com/Users:michaeltavon:PortraitUrl_50?AWSAccessKeyId=1XVAX3FNQZAFC9GJCFR2&Expires=2147483647&Signature=yrocImV1FK0c75Yc70B15nDS73M%3D&1481916867398430,Writing,Independent,"Ghostwriter, fictional writer, screenplay writer",fiction-writing--non-fiction-writing--book-writing--humor-writing--copy-editing--ghostwriting--screenwriting--creative-writing--academic-writing,United States,"Since 2014, I have been a: self-published author. professional proofreader, ghostwriter, and editor. I am currently pursuing a bachelor's degree in creative writing. In 2015, my short story collection, ""From a  Cold Dark Place"", earned a five star rating from readersfavorite.com.",Michael Tavon,2017-02-24,13.0,"April 23, 2015",2,https://www.upwork.com/freelancers/_~01f429bfe203d8e973,4,4.8214285714,1,,$400+,,83% Job Success,AvailableMore than 30 hrs/weekAvailableMore than 30 hrs/week
51,470,https://odesk-prod-portraits.s3.amazonaws.com/Users:fialka12:PortraitUrl_50?AWSAccessKeyId=1XVAX3FNQZAFC9GJCFR2&Expires=2147483647&Signature=Io82S9Sntxz1XbYIBjPw%2BM%2FrPBM%3D&1441031885891363,Writing,Independent,copywriter/blogger/editor/proofreader/film editor,creative-writing--article-writing--copywriting--english--english-spelling--content-writing--editing--english-proofreading--feature-writing--fiction-writing,United States,"I studied film and creative writing at USC. After graduation, I was hired as a Copywriter/Proofreader for Corinthian Colleges, a Fortune 500 company based in Orange County, CA. While at Corinthian, I handled web ads, TV ads, radio ads, catalogues, brochures, and just about any other kind of marketing collateral you can think of. I am no stranger to deadlines. Twelve hour days and writing/proofing over 100 pieces of collateral per day were commonplace while at Corinthian. I have also published poetry, articles and stories with numerous small presses, including several stories with Seven Days in Vermont, a weekly arts paper. I currently write and blog for several luxury resorts in the Turks and Caicos Islands. I also blog for a self-help website located in the UK and a dating website located in the US. Please see below for film experience.",Vanessa H.,2017-02-24,17.0,"June 24, 2013",11,https://www.upwork.com/freelancers/_~0190d89d15b57a888b,0,4.9177718833,1,,$2k+,,69% Job Success,AvailableLess than 30 hrs/weekAvailableLess than 30 hrs/week
52,523,https://odesk-prod-portraits.s3.amazonaws.com/Users:akd545:PortraitUrl_50?AWSAccessKeyId=1XVAX3FNQZAFC9GJCFR2&Expires=2147483647&Signature=fCesK%2F8xY5gIbdxUx5kYs3aTuxE%3D,Customer Service--Engineering & Architecture--Admin Support--Design & Creative--Writing,Independent,Blog and Article Writer,article-writing,United States,Building Specialist/Drafting and Design Instructor for Northshore Techinical Community College. Happily married middle aged male blessed with a wonderful family. 30 years construction and home improvement experience. Associate Degree in Occupational Education. Recently finished College English.,Alan Dykes,2017-02-24,11.11,"February 27, 2014",0,https://www.upwork.com/freelancers/_~01cfe9d82ea1ca9cc6,2,4.371586946,1,,$3k+,,69% Job Success,AvailableLess than 30 hrs/weekAvailableLess than 30 hrs/week
53,128,https://odesk-prod-portraits.s3.amazonaws.com/Users:steven_parker:PortraitUrl_50?AWSAccessKeyId=1XVAX3FNQZAFC9GJCFR2&Expires=2147483647&Signature=ONpfe7OeiBgYufvpPrK1cA3CSBQ%3D&1436888121192423,Writing,Independent,Versatile writer,ebook-writing--recipe-writing--blog-writing--cover-design,United States,"Looking for unique, high-quality written content to give your business or blog the 'voice' you need to set yourself apart from the rest? As a freelance writer, I am dedicated to providing professional, engaging content to clients from every end of the spectrum. In the past, I have worked with small businesses, blogs, travel sites, non-profit organizations and NGOs to create content that drives traffic and dramatically improves their online presence. Whether you are looking for premium, original content or simply an editing eye to make your words really dazzle, I can help. I will provide you with the content you need quickly and professionally.",steven parker,2017-02-16,20.0,"July 14, 2015",1,https://www.upwork.com/freelancers/_~010dbb6e2a26895816,2,4.961972068,1,,$4k+,,100% Job Success,AvailableMore than 30 hrs/weekAvailableMore than 30 hrs/week< 24 hour response time< 24 hour response time
54,24,https://odesk-prod-portraits.s3.amazonaws.com/Users:mrdecesaris:PortraitUrl_50?AWSAccessKeyId=1XVAX3FNQZAFC9GJCFR2&Expires=2147483647&Signature=%2BggYGBkdZWC%2B5AFJbieX34YHXVk%3D&1467983524365471,Translation--Writing,Independent,"Native English Editing, Proofreading, Writing, and Translation",english-proofreading--copy-editing--editing--translation-dutch-english--writing--ghostwriting,Netherlands,"Originally from the United States, I am an experienced independent copy/line editor and proofreader, specializing in the English language. Currently based out of the Netherlands, I provide services to foreign as well as native English speakers on any written text they need assistance with. My business, Unlimited Editions, provides services that include checking for proper grammar, page layout, sentence and paragraph structure, vocabulary, comprehensiveness of writing, as well as revising compositions for better flow and tailoring to the targeted audience of the original author.Some written works I am able to assist clients with include, but are not limited to: all academic papers, including theses and dissertations.. personal original compositions and written works.. CVs and rsums.. cover letters.. web content.. advertisements.. and more. I also provide short document (maximum ten pages) Dutch-to-English text translation.I also have a passion for my own creative and content writing. In my writing I have an affinity for creativity and extend my passion through my work by composing engaging articles that capture the audience, and my proofreading skills are flawless. My dream career is to be a professional editor and writer, and I look forward to doing business with you!",Maggie DeCesaris,2017-02-23,12.5,"July 8, 2016",2,https://www.upwork.com/freelancers/_~01352ae4efcc0aceee,3,4.6,1,,$300+,,,AvailableAs Needed - Open to OffersAvailableAs Needed - Open to Offers
55,818,https://odesk-prod-portraits.s3.amazonaws.com/Users:mamainak:PortraitUrl_50?AWSAccessKeyId=1XVAX3FNQZAFC9GJCFR2&Expires=2147483647&Signature=KdeRmbKDe%2Fwjf%2B0B8DS5jQeA%2B3c%3D,Customer Service--Writing--Admin Support,Independent,Customer service and Travel planning,customer-service--travel-agent--travel-planning--customer-support--internet-research--social-media-management--virtual-assistant--hospitality--administrative-support--tourism,Croatia,"My educational background lies in Tourism and Hospitality, Sociology and English language, while my work experience includes customer service-orientated positions, such as: hotel receptionist, customer support, front desk agent at the travel agency, reservations agent for holiday rentals (both through an agency and via internet) and sales positions. I am proficient with all major booking portals, as well as other travel planning services and apps (including TripAdvisor, Skyscanner, Kayak etc.).As a frequent traveller who plans her own trips, I understand the needs and problems of the clients in travel/tourism and hospitality industry.I am also experienced in maintaining online presence and updating business pages on social networks, helping to promote the business.I've been working as a Customer Service Manager and can deliver friendly, helpful and courteous service, as well as provide you with feedback in order to improve service.I can help you with:- Admin/PA -Research a certain topic, collect and compile information, plan a trip (booking flights, accommodation, transfer/taxi, museum/gallery tickets, restaurants...), proof-read and format your writing, email handling, etc.- Customer service/support - Replying to customer enquiries, dealing with complaints and troubleshooting the issues- Travel planning - Collect and present information on the destination, plan a trip (booking flights, accommodation, transfer/taxi, museum/gallery tickets, restaurants...), itinerary creation.- Tourism/Accommodation business -Listing and Management of your online accommodation/holiday rental business, as well as providing customer service. I cover Airbnb, Booking.com, Holiday Lettings, Wimdu, HouseTrip, TripAdvisor. - Online business presence/Social Network administration -Listing and managing your business on TripAdvisor, Google Pages, Facebook pages, Pinterest, Twitter, maintaining your Wordpress powered blog/website, establishing communication with your customers via email and social networks- Tutoring - Introduction to Internet services and portals. Not sure how to use Etsy, Facebook, sell or buy online, or how to use commonly used software?I can give instructions via Skype screensharing or TeamViewer)",Tamara S.,2017-02-24,14.0,"March 4, 2013",1,https://www.upwork.com/freelancers/_~0196be8d3533ac1949,4,4.9379310345,1,,$100+,,,AvailableMore than 30 hrs/weekAvailableMore than 30 hrs/week
56,67,https://odesk-prod-portraits.s3.amazonaws.com/Users:mjosdal:PortraitUrl_50?AWSAccessKeyId=1XVAX3FNQZAFC9GJCFR2&Expires=2147483647&Signature=b%2FXS9uFdmrFb1Ciryka9g8oZkj8%3D,Translation--Design & Creative--Writing--Sales & Marketing,Independent,"Content writer, editor and voice actor",article-writing--copywriting--proofreading--copy-editing--voice-talent--content-writing--blog-writing,Canada,"I have worked as a professional writer for well over decade, and am experienced in writing everything from e-books to ad copy. My work has included regular blogging for high-profile real-estate companies and government agencies, e-book writing on technical and casual topics, academic writing, magazine publication, and a wide range of tutorial and instructional materials. I hold a degree in Drama and am en-route to completing another in Psychology. I offer quick turnaround times and am always available for direct consultation on any project. In addition, I'm a professional voice actor with a high quality home studio. My clients have included Audible, Microsoft, and Oakley, among others, and I have narrated audiobooks by New York Times best-selling author Piers Anthony. I can turn around writing or voice projects quickly, and will do my best to see that you are totally satisfied with the final product.",Matt J.,2017-02-19,27.78,"May 6, 2008",2,https://www.upwork.com/freelancers/_~0145885e1467b85684,3,4.9113879321,1,,$60k+,TOP RATED,98% Job Success,AvailableMore than 30 hrs/weekAvailableMore than 30 hrs/week3+ day response time3+ day response time
57,136,https://odesk-prod-portraits.s3.amazonaws.com/Users:emilyspiliadis:PortraitUrl_50?AWSAccessKeyId=1XVAX3FNQZAFC9GJCFR2&Expires=2147483647&Signature=Ch50K%2FeRrXl0f5ZGdDeUE1qTvdU%3D&1438892372376241,Translation--Writing--Admin Support,Independent,Native French & English translator/writer + marketing,microsoft-office--french--english--translation-english-french--translation-french-english--english-grammar--creative-writing--article-rewriting--proofreading--content-writing,United States,"Native French and English as I grew up speaking both languages. Reliable, professional, serious, and flexible with 5 years of experience translating, proof-reading, and writing in French and English, on top of solid administrative experience in a multinational environment topped with three years of Digital Marketing and SEO experience.Born and raised in Switzerland, I am now back in the U.S. after four years in Switzerland where I graduated with a Bachelor in Business Administration & Marketing, followed by a year working for a start-up company (in English and French) with assignments ranging from blog articles and translation, to social media, press releases, and SEO-friendly website content.To-date, I have (writing/translating) experience working with:EssaysUniversity projectsBlog articlesNewslettersWebsite contentPress releasesAdvertisementCorporate communicationFinancial documentsTechnical documentsFrom blog articles, to social media, press releases, corporate documents and SEO-friendly website content, I bring to the table extensive writing, translating marketing experience.I am honest, reliable, professional, serious, and flexible in my work. I take great pride in every project I undertake and look forward to working with you!",Emily S.,2017-02-24,15.0,"June 15, 2014",2,https://www.upwork.com/freelancers/_~01c376a4ffb166fbb7,2,4.8657407407,1,,$200+,,91% Job Success,AvailableMore than 30 hrs/weekAvailableMore than 30 hrs/week
58,149,https://odesk-prod-portraits.s3.amazonaws.com/Users:evelinacretu:PortraitUrl_50?AWSAccessKeyId=1XVAX3FNQZAFC9GJCFR2&Expires=2147483647&Signature=8wpHSQ2vS%2BmOF3yvJmvo6c4Gxyg%3D&1444730190465247,"Translation--Writing--Web, Mobile & Software Dev--Customer Service--Admin Support",Independent,Striving for excellence is the key to success,creative-writing--online-writing--translation-english-russian--event-planning,Moldova,"I am a Freelance writer with a background in business and non-fiction writing/editing. I have a lot of experience in writing for local web sites, translation and proofreading.I love to read, write and create constantly.",Evelina Cretu,2017-02-24,10.0,"July 11, 2011",0,https://www.upwork.com/freelancers/_~0102e340787fe2e8f1,0,5.0,1,1,$5+,,,AvailableMore than 30 hrs/weekAvailableMore than 30 hrs/week
59,719,https://odesk-prod-portraits.s3.amazonaws.com/Users:stchambers:PortraitUrl_50?AWSAccessKeyId=1XVAX3FNQZAFC9GJCFR2&Expires=2147483647&Signature=8lvxyNgcSxiidqjiyaYjZii1wE8%3D&1452463616625632,Writing,Independent,"Quality, living SEO content.  ",content-writing--creative-writing--ghostwriting--seo-writing--english--google-analytics,United Kingdom,"Quality, living content, SEO primed. Seamlessly embedded organic keywords. Long click copy. Comprehensive research. Experienced creative writer. HTML titles.. description tags.. headlines. Link and authority building. Social media savvy.      ",Steven C.,2017-02-18,16.5,"August 7, 2013",4,https://www.upwork.com/freelancers/_~01f9438313779bdd48,2,4.9820294717,1,,$600+,,94% Job Success,AvailableAs Needed - Open to OffersAvailableAs Needed - Open to Offers< 3 day response time< 3 day response time
60,687,https://odesk-prod-portraits.s3.amazonaws.com/Users:masterphoenix:PortraitUrl_50?AWSAccessKeyId=1XVAX3FNQZAFC9GJCFR2&Expires=2147483647&Signature=ZZZNcg40zW50EAqmnN8shbxfS88%3D,Translation--Writing--Sales & Marketing,Independent,Writer and Translator,article-writing--translation-english-spanish--academic-writing--blog-writing--content-writing--creative-writing--english-tutoring--image-editing,Mexico,"I am a writer, translator and editor who is not only qualified to perform the tasks required, but is also open to learning new things every day.I have journalism experience as well as creative writing in both Spanish and English.My work is done with time in mind, which means I can work fast without the overall quality suffering.I can write in a serious and professional tone when it is required, but I am also capable of switching to a more relaxed tone, if need be.",Armando Garca,2017-02-07,11.11,"November 8, 2014",1,https://www.upwork.com/freelancers/_~0133b251d861e0bb4e,8,4.9359532031,1,,$6k+,TOP RATED,100% Job Success,AvailableAs Needed - Open to OffersAvailableAs Needed - Open to Offers
61,467,https://odesk-prod-portraits.s3.amazonaws.com/Users:leoniedenn:PortraitUrl_50?AWSAccessKeyId=1XVAX3FNQZAFC9GJCFR2&Expires=2147483647&Signature=cdr5PPBdVdf8cssA3MbaW1hotlQ%3D&1435629186373443,Writing,Independent,Experienced Content Writer with Marketing Background,content-writing--copywriting--copy-editing--seo-keyword-research,United States,"Hi. My name is Leonie Dennis, and I'm glad you're checking out my profile. I have 5 years of content writing experience, which includes creating ad copy, articles, blogs, brand names and taglines, voice over scripts, and website content.I have a bachelor's degree in marketing and have worked in the content management and financial (insurance) industries. I like to write copy that includes industry buzz words (keywords) to make the content relevant to the target audience.If you're looking for someone to make  your content engaging, concise, and marketable, then I'm here to do just that!",Leonie Dennis,2017-02-24,12.0,"April 30, 2015",6,https://www.upwork.com/freelancers/_~01df980fc9ad7b7066,0,5.0,1,,$100+,,,AvailableLess than 30 hrs/weekAvailableLess than 30 hrs/week
62,633,https://odesk-prod-portraits.s3.amazonaws.com/Users:cbereiter:PortraitUrl_50?AWSAccessKeyId=1XVAX3FNQZAFC9GJCFR2&Expires=2147483647&Signature=cIjUT0IZbnlkK2NBNfsjypUyTdE%3D&1484170441580077,Writing--Admin Support--Design & Creative,Independent,Passionate Presentation Artist,teaching-english--resume-writing--microsoft-powerpoint--prezi-presentations,United States,"I have 10 years of experience building presentation decks in Powerpoint and Prezi.  Prior to beginning my second career as a teacher, I was an advertising account manager where my daily responsibilities included creating presentations for our clients.  Now as an instructional coach in the education sector, one of my main responsibilities is creating presentations for a multitude of professional development opportunities.  My goal when creating presentations is to communicate the material in a clear, engaging, professional way.  I am comfortable with animations, graphics, graphs/charts, and many  more details that help communicate your message in the most attractive way possible. In addition to creating presentations in Powerpoint, I am also skilled in creating other materials using this software.  This could range from promotional materials, brochures, flyers, etc.. I would love the chance to make your job easier, by creating your next communication piece to bring your job, business, or life to the level you want.  ",Christie Bereiter,2017-02-20,20.0,"January 11, 2017",0,https://www.upwork.com/freelancers/_~01e69369e7e1d6165c,1,0.0,1,1,$5+,,,AvailableAs Needed - Open to OffersAvailableAs Needed - Open to Offers
63,273,https://odesk-prod-portraits.s3.amazonaws.com/Users:seemi26:PortraitUrl_50?AWSAccessKeyId=1XVAX3FNQZAFC9GJCFR2&Expires=2147483647&Signature=jTZzlYZz0c2gDqv2d58fLlwODpM%3D&1447397232693672,Writing,Independent,"A Doctor by Profession, A writer by Passion.",medical-writing--blog-writing--academic-writing--proofreading--editing,Pakistan,"Sound professional knowledge and excellent writing skills, expert in developing health related informative/educational material. Dedicated, reliable and consistent.",Seemi Sadia,2017-02-06,20.0,"November 4, 2015",1,https://www.upwork.com/freelancers/_~01c8c51a7f7b7c68cc,2,4.83183391,1,,$2k+,TOP RATED,96% Job Success,AvailableAs Needed - Open to OffersAvailableAs Needed - Open to Offers
64,1057,https://odesk-prod-portraits.s3.amazonaws.com/Users:clawrence4:PortraitUrl_50?AWSAccessKeyId=1XVAX3FNQZAFC9GJCFR2&Expires=2147483647&Signature=2BXW0bIiUBmtnZd6j8dzwVS5%2Bb4%3D,"Sales & Marketing--Accounting & Consulting--Design & Creative--Writing--Web, Mobile & Software Dev",Independent,"Creative Artist (MUA, Fashion, Beauty)",fashion-modeling--fashion-designing--blog-writing--blog-development--social-media-marketing--social-media-optimization,United States,I am a fun loving person who has always been hungry to better myself. I have a very vast experience in the fashion beauty industry and I am looking to add even more dimension to it. I have experience in anything ranging from fashion blogging to hair and makeup styling to event coordination. Please check out my resume and my links! Thankyouwww.fairytalefacesbycalynn.blogspot.comwww.fashionthunderclap.blogspot.comwww.instagram.com/fairytalefacesbycalynn,Calynn Lawrence,2017-02-24,13.0,"September 1, 2014",0,https://www.upwork.com/freelancers/_~01026f473a338ca5bf,0,4.8225261064,1,,$2k+,,45% Job Success,AvailableMore than 30 hrs/weekAvailableMore than 30 hrs/week
65,911,-,Writing,Independent,"Forex and Bitcoin Trader,Market Analyst and Writer",forex-trading--technical-analysis--bitcoin,Macedonia,"Prize winning writer and Forex and bitcoin trader. I can write about all aspects of trading: fundamental analysis, technical analysis, news or anything forex or trading related.",Petar K.,2017-02-24,25.0,"June 24, 2012",0,https://www.upwork.com/freelancers/_~014b56ae3a10ed6561,0,4.9864206727,1,,$20k+,,100% Job Success,AvailableMore than 30 hrs/weekAvailableMore than 30 hrs/week
66,135,https://odesk-prod-portraits.s3.amazonaws.com/Users:sfwriter:PortraitUrl_50?AWSAccessKeyId=1XVAX3FNQZAFC9GJCFR2&Expires=2147483647&Signature=r3eThEOcc%2BOhSb7UFHfAM6H%2F0a8%3D,Writing--Design & Creative,Independent,Writer and Voice Artist,scientific-writing--proofreading--article-writing--technical-writing--creative-writing--short-story-writing--ghostwriting--voice-talent--voice-over,Canada,"Though not on this site specifically, I've written thousands of articles, business blog entries, blogs for hobbyists including everything from aquariums to astronomy, business advice, technology items, rental space, white papers for U.N. delegates, as well as HR/management subjects including everything from on-boarding to retirement.  I  generate unique, quality content relatively quickly.  For reference, think Isaac Asimov, the ultimate ""interpreter of all things technical for the common man"".  You'll experience a well-rounded vocabulary, perfect spelling and grammar, and comprehension far above average which will get your point across. As well I handle voice/singing/whistling work.  For voices, think Yogi, Bullwinkle, Snaggletooth, Christopher Lloyd (et al).. think old, young, forceful, doddering, or accented, and you'll have scratched the surface. Speak to me, and I'll speak for you!",David C.,2017-02-22,24.0,"January 26, 2013",3,https://www.upwork.com/freelancers/_~01aaf9041ab3817b96,13,5.0,1,,$40+,,,AvailableMore than 30 hrs/weekAvailableMore than 30 hrs/week
67,26,https://odesk-prod-portraits.s3.amazonaws.com/Users:junaidamjad0313:PortraitUrl_50?AWSAccessKeyId=1XVAX3FNQZAFC9GJCFR2&Expires=2147483647&Signature=dKaKUxXisIUsPm1d90sVNLxuyK8%3D&1454168483826704,"Writing--Web, Mobile & Software Dev--Admin Support--Design & Creative--IT & Networking",Independent,Software Engineer,wordpress--blog-writing--photo-editing--android-app-development--video-editing--data-entry--logo-design--graphic-design--writing--wix,Pakistan,"I am a professional software engineer and a project manager. I have expertise in photoshop,web designing, logo,banner,card designing,creative writing,blog writing,survey writing, android app development and c# app development.",Junaid Amjad,2017-02-22,13.33,"July 31, 2015",0,https://www.upwork.com/freelancers/_~016dc540157d9eab2e,0,4.9363430655,1,,$1k+,,100% Job Success,AvailableAs Needed - Open to OffersAvailableAs Needed - Open to Offers< 24 hour response time< 24 hour response time
68,591,https://odesk-prod-portraits.s3.amazonaws.com/Users:bsara100:PortraitUrl_50?AWSAccessKeyId=1XVAX3FNQZAFC9GJCFR2&Expires=2147483647&Signature=fWqcVMfLcxVlnvjSxgtNYeCYvQo%3D&1485325640458647,Writing,Independent,"Skilled Typist, Writer, Web Designer + Social Media Optimizer",creative-writing--internet-research--social-media-optimization--blog-writing--customer-service--email-handling--computer-skills--video-editing--general-office-skills--transcription,United States,"Some of my personal strengths as a writer include personal essays and short fictional stories. I've had six months of transcription experience. I am familiar with social networks such as Facebook, Twitter, Tumblr, Snapchat, Vine, Pinterest, and Instagram. I have maintained several blogs. I am familiar with HTML in order to give my blogs a clean and stylish format. My experience with writing blogs has allowed me to familiarize myself with search engine optimization. I have spent valuable time as a personal assistant to the owner and operator of Essential Oils for Health, as well as a secretary to the owner and operator of Adams Applied Information. I joined this website to gain more valuable experience as a transcriber, writer, personal assistant, and general freelancer. I believe my creativity and critical thinking skills make me an ideal candidate for freelance employment. I am dedicated to completing my work in a professional, time-efficient manner. My goal for the future would be to find a stable career, or perhaps many, in online freelance work.",Bridgit M.,2017-02-10,27.5,"April 23, 2015",0,https://www.upwork.com/freelancers/_~01fc20a14581e521f5,1,1.0,1,,$100+,,,AvailableMore than 30 hrs/weekAvailableMore than 30 hrs/week
69,232,https://odesk-prod-portraits.s3.amazonaws.com/Users:andreak80:PortraitUrl_50?AWSAccessKeyId=1XVAX3FNQZAFC9GJCFR2&Expires=2147483647&Signature=NkcX%2FmZGHbRCj8PBxSEHJK4VJvI%3D&1465257210923718,Writing,Independent,"Writing, developmental editing and research",writing--creative-writing--research--grant-writing--content-writing--blog-writing--editing,United States,"I'd love to help you with your writing and research projects! I have significant experience in creative writing, grant writing and academic writing/research, and have included notes on my experience in each category below.CREATIVE WRITING: I've had fiction & poetry published in more than 50 journals and anthologies, as well as a published collection of short stories and a chapbook of poetry. I also have a forthcoming collection of fairy tales due out later this year. I've done numerous ghost writing jobs and have helped many writers with developmental editing both at the sentence level and at the plot level.In addition to creative writing, I have extensive experience in grant writing. I worked full-time in non-profit fundraising and communications for 6 years before turning to consulting, and during that time, I wrote dozens of successful grants, ranging from very small grants ($1-$2k) up through multi-year grants worth more than $100k. I've done this work for a range of non-profits, including arts, health and social justice organizations.Finally, I hold a Masters in Library and Information Science, making me extremely adept at research of all types, and I have paid experience editing and developing academic textbooks.",Andrea K.,2017-02-24,25.0,"December 6, 2013",3,https://www.upwork.com/freelancers/_~01e148c5d1c095d8a3,2,4.9,1,,$200+,,,AvailableAs Needed - Open to OffersAvailableAs Needed - Open to Offers
70,826,https://odesk-prod-portraits.s3.amazonaws.com/Users:kowalczuktj:PortraitUrl_50?AWSAccessKeyId=1XVAX3FNQZAFC9GJCFR2&Expires=2147483647&Signature=zs6Qju1FpZvJPQhtx2%2F%2FWAdOkXM%3D&1447148081117821,Writing,Independent,Experienced writer with a wide range of first hand experience.,baking--bartending--cooking--tourism--translation--translation-english-polish--translation-polish-english--travel-writing--hospitality,United States,"I am a creative and unique writer with added first hand experience in the service and travel industry.  Fluent in English and Polish.  I have traveled extensively and am usually on the road focusing on local cuisine and non-tourist destinations.  I possess a Culinary Arts degree as well as  Hospitality Management with a Restaurant/Food and Beverage Concentration degree, both from Kendall College in Chicago, IL.  My wide set of personal skills and life experiences allow me to write knowledgeably on a vast set of topics.",Tomasz K.,2017-02-24,15.0,"July 9, 2015",0,https://www.upwork.com/freelancers/_~01555eb7f0f7a636e6,4,4.9176470588,1,,$100+,,83% Job Success,AvailableAs Needed - Open to OffersAvailableAs Needed - Open to Offers
71,401,https://odesk-prod-portraits.s3.amazonaws.com/Users:writingtree:PortraitUrl_50?AWSAccessKeyId=1XVAX3FNQZAFC9GJCFR2&Expires=2147483647&Signature=mrZY5tA8jreNEAsY6pAy6Xwa4n0%3D&1453229382292485,"Web, Mobile & Software Dev--Writing--Sales & Marketing--Design & Creative",Independent,"WordPress Website Design, Logo Design, Content Writing and Management.",wordpress--web-design--graphic-design--logo-design--content-writing--web-content-management--article-writing--resume-writing--ecommerce-consulting--seo,United States,"I offer services in all areas of writing. From article writing to resumes, I offer writing services on a full scale. Give me a try, I am confident you will be satisfied and use my services again.",Jeremy H.,2017-02-24,20.0,"February 8, 2010",0,https://www.upwork.com/freelancers/_~013e33736c83e079d1,0,4.8872617063,1,,$10k+,,,AvailableMore than 30 hrs/weekAvailableMore than 30 hrs/week
72,304,https://odesk-prod-portraits.s3.amazonaws.com/Users:maliham:PortraitUrl_50?AWSAccessKeyId=1XVAX3FNQZAFC9GJCFR2&Expires=2147483647&Signature=57x%2FPkQbFV6caLYVqDIU28eBp3s%3D&1473780162691417,Translation--Writing,Independent,"Doctor, Blogger, Fiction writer, Article Writer and Rewriter",article-writing--blog-writing--creative-writing--article-spinning--copywriting--short-story-writing--content-writing--essay-writing--medical-writing,Pakistan,"~~~~~~TOP RATED FREELANCER~~~~~~Professional, high-quality writing that is readable and informative - that's what I provide to all my clients. Within a matter of hours, without the slightest bit of hassle, you can receive the exact kind of content you need, whether it's articles, blogs, academic writing or content writing. I also write creative and highly enjoyable stories - with warmth, humour, passion and suspense. If you're looking for smart, believable characters and plots that will have readers begging for more, you need to hire me. Experience:- over three years of freelancing experience on upwork and Elance- several years of experience writing articles and blogs for local pakistani newspapers and sites respectively- editing and proofreading experience as university and college magazine editor. - maintained a personal blog for seven years- story writing experience both on my own blog and for upwork clients.Hire me and you will receive:- Perfect work with zero grammatical or spelling errors- Work done within deadlines, with no hassle or headaches",Shumaila H.,2017-02-24,11.11,"February 22, 2014",1,https://www.upwork.com/freelancers/_~01528a81452dd96965,8,4.8966320653,1,,$1k+,,89% Job Success,AvailableLess than 30 hrs/weekAvailableLess than 30 hrs/week
73,161,https://odesk-prod-portraits.s3.amazonaws.com/Users:alyssa-foley:PortraitUrl_50?AWSAccessKeyId=1XVAX3FNQZAFC9GJCFR2&Expires=2147483647&Signature=07FDPOKkeD9DDitcTJ5xmpMEddg%3D&1483862179656700,Writing,Independent,"Writer, Blogger, Editor",writing--blog-writing--ap-style-writing--editing--proofreading--english-proofreading--english-grammar--english-punctuation--english-spelling,United States,"I am a native English speaker. I have an associate's degree in media arts and I am pursuing a bachelor's degree in journalism. I am experienced with turning around high-quality articles on deadline, I was a reporter and editor-in-chief of my college student newspaper for almost two years. I have written informative reports, feature stories, and profile pieces on a wide variety of subjects for a diverse audience of 60 thousand readers. At my last internship, I produced and managed a blog which aligned with the organization's voice and message, and it was sharply tailored to the organization's target audience demographics.  I can write on a variety of subjects and I am willing to conduct extensive research to ensure my writing is top-quality. I'm also experienced working as editor and proofreader on tight deadlines. As editor-in-chief, I ensured the quality of all published articles including those written by non-native English speakers. ",Alyssa Foley,2017-02-20,25.0,"January 8, 2017",0,https://www.upwork.com/freelancers/_~0110e6917ac4dadc2b,0,0.0,1,,$0,,,AvailableMore than 30 hrs/weekAvailableMore than 30 hrs/week
74,799,https://odesk-prod-portraits.s3.amazonaws.com/Users:indiainfospace:PortraitUrl_50?AWSAccessKeyId=1XVAX3FNQZAFC9GJCFR2&Expires=2147483647&Signature=u34c9CLNSCcgJb1hA3ql9OTVPac%3D,"Web, Mobile & Software Dev--Sales & Marketing--Design & Creative--Customer Service--Writing",Independent,css expert/web designer/graphics designer,adobe-photoshop--html5--jquery--sass--ionic-framework--css3--twitter-bootstrap--angularjs--graphic-design--frontend-development,India,"As a web designer and developer, my objective is to make a positive impact on clients and the Internet using my skills and experience to design compelling and attractive websites. I enjoy working on projects that involve a mix of web and graphic design, web development, SEO and programming.",Arun Kumar P.,2017-02-07,10.0,"April 3, 2010",10,https://www.upwork.com/freelancers/_~0135f806c96806a30b,3,5.0,1,,$200+,,,AvailableMore than 30 hrs/weekAvailableMore than 30 hrs/week
